{"cameraMode":{"drawMode":0,"name":"Shaded","section":"Shading Mode"},"sceneLighting":false,"audioPlay":false,"sceneViewState":{"m_AlwaysRefresh":false,"showFog":true,"showSkybox":false,"showFlares":true,"showImageEffects":true,"showParticleSystems":true,"showVisualEffectGraphs":true,"m_FxEnabled":true},"in2DMode":false,"pivot":{"x":-8.44729232788086,"y":0.48536205291748049,"z":-91.66029357910156},"rotation":{"x":0.25003886222839358,"y":-0.13598325848579408,"z":0.03549313172698021,"w":0.9579859972000122},"size":2.7208621501922609,"orthographic":false}